Tick,Valued,Val,Stock,L52w,H52w,Price,IVgn,IVdcf,BVPS,EPS,Div,CFPS,TBVPS,RevPS,MoS,ROE,ROA,DtoE,Lev,FiLev,Beta,EPR,DPR,CFP,PM,TSR,Payout,BMR,PER,PBR,PSR,PCF,Ind,Sector,Industry,Shares,Empl,MCap€M,BV€M,TBV€M,Rev€M,Ear€M,CF€M
ACCP,Overvalued,0,Accor SA (ACCP),21.06,42.58,27.53,25.18755835338148,-4.664285714285715,18.04,1.49,1.05,-4.16,1.31,11.3,-0.09299994917149412,-0.272,-0.1208,0.7631,-0.1343,-0.10248433,1.06,0.054122775154377044,0.03814021067925899,-0.15110788231020705,0.131858407079646,1.0716999050332385,0.7046979865771812,0.6552851434798401,18.476510067114095,1.5260532150776054,2.436283185840708,-6.617788461538462,cac 40,Services,Hôtels et motels,270932350,196020,7458.768,4887.62,354.921,3061.536,403.689,-1127.079
ADP,Overvalued,0,Aeroports de Paris SA (ADP),70.7,181.5,89.5,27.548481517242735,6.283649388959123,44.06,5.39,0.7,5.3,13.53,37.22,-2.2488179046812977,-0.0508,-0.0222,2.1257,-0.0357,-0.07588749000000002,1.14,0.060223463687150834,0.007821229050279328,0.05921787709497207,0.1448146157979581,1.577086280056577,0.12987012987012986,0.4922905027932961,16.604823747680893,2.0313209260099865,2.404621171413219,16.88679245283019,cac mid 60,Transport,Transports (divers),98944352,26122,8855.52,4359.488,1338.717,3682.709,533.31,524.405
AIRF,Overvalued,0,Air France - KLM SA (AIRF),3.26,11.11,3.73,9.036425921045568,-2.60156350121748,-5.99,0.64,0.0,-2.03,-9.49,44.76,0.5872261851543605,0.21969999999999998,-0.1294,4.1243,-0.1429,-0.58936247,0.99,0.17158176943699732,0.0,-0.5442359249329758,0.014298480786416445,2.4079754601226995,0.0,-1.6058981233243967,5.828125,-0.6227045075125208,0.08333333333333334,-1.8374384236453203,cac mid 60,Transport,Compagnies aériennes,427432464,83896,1594.323,-2560.32,-4056.334,19131.877,273.557,-867.688
AIRP,Overvalued,0,Air Liquide SA (AIRP),94.86,140.7,120.05,41.89114023289196,13.594941634241245,38.82,4.76,2.7,9.52,6.1,44.8,-1.8657610972770677,0.12619999999999998,0.053899999999999997,0.8665,0.0404,0.0350066,0.79,0.03965014577259475,0.022490628904623076,0.0793002915451895,0.10625,0.5117014547754585,0.5672268907563026,0.3233652644731362,25.22058823529412,3.092478104070067,2.6796875,12.61029411764706,cac 40,Matériaux de base,Fabrication de produits chimiques,473105514,67200,56796.317,18365.956,2885.944,21195.127,2251.982,4503.964
AKA,Overvalued,0,Akka Technologies (AKA),15.68,62.27,16.56,9.204603452877517,7.901384903306301,21.87,3.33,0.64,5.82,3.9,67.57,-0.7990997748874296,0.1985,0.0512,1.4565000000000001,0.037700000000000004,0.05491005000000001,2.06,0.20108695652173916,0.03864734299516909,0.3514492753623189,0.04928222583986977,3.012117346938776,0.1921921921921922,1.3206521739130437,4.972972972972973,0.7572016460905349,0.24507917714962263,2.8453608247422677,cac mid 60,Technologie,Logiciels et programmation,21833313,20930,361.56,477.495,85.15,1475.277,72.705,127.07
ABIO,Undervalued,1,Albioma SA (ABIO),21.3,45.8,43.8,47.581719337427685,6.46725025746653,13.24,1.44,0.7,5.04,9.49,16.04,0.07947840872687839,0.1261,0.0359,2.3282,0.022400000000000003,0.052151680000000006,0.63,0.03287671232876713,0.01598173515981735,0.11506849315068494,0.08977556109725686,1.1830985915492955,0.4861111111111111,0.30228310502283107,30.416666666666664,3.308157099697885,2.7306733167082293,8.69047619047619,cac mid 60,Fournisseurs de services,Fournisseurs d'électricité,30893808,579,1353.149,409.034,293.182,495.537,44.487,155.705
ALDA,Undervalued,1,ALD SA (ALDA),6.29,14.24,9.32,12.040097671361083,13.022623983507046,9.63,1.4,0.63,10.82,8.09,24.11,0.22591990078545499,0.12689999999999999,0.0196,4.6489,0.0060999999999999995,0.028358289999999998,1.06,0.1502145922746781,0.06759656652360514,1.1609442060085837,0.05806719203649938,1.3640699523052464,0.45,1.0332618025751072,6.6571428571428575,0.9678089304257528,0.38656159270012447,0.8613678373382625,cac mid 60,Services,Location et leasing,403000753,6708,3755.967,3880.897,3260.276,9716.348,564.201,4360.468
ALSO,Overvalued,0,Alstom SA (ALSO),29.73,50.64,45.47,40.17958012956458,3.604437869822485,14.48,1.99,0.35,2.86,5.46,36.41,-0.13166936671253748,0.12119999999999999,0.026600000000000002,0.5008,0.013100000000000002,0.006560480000000001,0.63,0.04376511985924786,0.007697382889817462,0.06289861447107983,0.0546553144740456,0.7151025899764548,0.1758793969849246,0.3184517264130196,22.849246231155778,3.1401933701657456,1.2488327382587203,15.898601398601398,cac next 20,Transport,Sociétés ferroviaires,225973782,37575,10275.028,3272.1,1233.817,8227.705,449.688,646.285
LTEN,Overvalued,0,Alten SA (LTEN),54.5,119.0,74.7,27.843773287568258,8.362892424602231,33.05,4.9,0.74,6.42,16.9,77.36,-1.6828260390035643,0.1578,0.0848,0.2735,0.0713,0.019500550000000002,1.33,0.06559571619812583,0.009906291834002677,0.0859437751004016,0.06334022750775595,1.1970642201834862,0.15102040816326529,0.44243641231593034,15.244897959183673,2.260211800302572,0.9656153050672183,11.63551401869159,cac mid 60,Technologie,Services informatiques,33696147,37200,2517.102,1113.658,569.465,2606.734,165.111,216.329
AMUN,Overvalued,0,Amundi SA (AMUN),43.82,78.55,62.3,19.985361737718467,5.392710072342794,46.03,4.75,3.1,2.06,13.19,22.88,-2.117281579268136,0.1015,0.035,1.4422,0.021500000000000005,0.031007300000000005,1.41,0.07624398073836276,0.04975922953451044,0.033065810593900485,0.2076048951048951,0.8633044272021907,0.6526315789473685,0.7388443017656501,13.11578947368421,1.35346513143602,2.722902097902098,30.24271844660194,cac mid 60,Finance,Services d'investissement,200939323,4506,12518.52,9249.237,2650.39,4597.492,954.462,413.935
APAM,Overvalued,0,Aperam SA (APAM),15.07,32.56,25.38,17.394191229833922,5.261546978804176,26.32,1.82,1.75,3.33,20.87,48.1,-0.45910779435775617,0.051699999999999996,0.0291,0.1837,0.015600000000000001,0.0028657200000000004,1.81,0.07171000788022065,0.06895193065405832,0.13120567375886524,0.03783783783783784,1.276708692767087,0.9615384615384615,1.037037037037037,13.945054945054943,0.9642857142857142,0.5276507276507276,7.621621621621621,cac mid 60,Matériaux de base,Fer et acier,79815839,9500,2025.726,2100.753,1665.757,3839.142,145.265,265.787
MT,Overvalued,0,ArcelorMittal S.A. (MT),5.98,21.44,9.54,5.7780581552446595,0.10350547730829421,29.92,-2.05,0.26,-0.14,25.78,47.23,-0.6510737247150549,-0.1054,-0.047,0.3787,-0.0605,-0.022911349999999997,2.07,-0.2148846960167715,0.02725366876310273,-0.01467505241090147,-0.04340461571035359,2.62876254180602,-0.12682926829268293,3.136268343815514,-4.6536585365853655,0.3188502673796791,0.20199026042769425,-68.14285714285712,cac 40,Matériaux de base,Fer et acier,1012079421,191000,9655.238,30281.416,26091.407,47800.511,-2074.763,-141.691
AKE,Overvalued,0,Arkema SA (AKE),42.5,99.52,97.84,21.44813070447231,16.82886821034408,72.59,6.45,2.2,13.52,28.52,107.86,-3.5617028984068373,0.0758,0.0403,0.4572,0.026800000000000004,0.012252960000000002,1.38,0.06592395748160261,0.022485690923957483,0.1381847914963205,0.059799740404227704,1.3934117647058823,0.34108527131782945,0.7419255928045789,15.168992248062015,1.3478440556550488,0.907101798627851,7.236686390532545,cac next 20,Matériaux de base,Fabrication de produits chimiques,76358572,20500,7470.923,5542.869,2177.746,8236.036,492.513,1032.368
ATOS,Overvalued,0,Atos SE (ATOS),43.26,82.46,61.2,18.297456401236452,14.918216421968461,65.55,3.84,1.4,12.43,-5.12,105.66,-2.344727193658699,0.0805,0.027999999999999997,0.7491,0.014499999999999997,0.010861949999999997,0.92,0.06274509803921569,0.02287581699346405,0.20310457516339867,0.03634298693923907,0.9385113268608414,0.3645833333333333,1.071078431372549,15.937500000000002,0.9336384439359269,0.5792163543441227,4.9235720032180215,cac 40,Technologie,Services informatiques,108632710,99906,6648.322,7120.874,-556.199,11478.132,417.15,1350.305
AXAF,Overvalued,0,AXA SA (AXAF),11.84,25.61,15.37,10.906104818619495,3.3163991662324124,29.4,1.52,1.43,1.81,20.11,46.75,-0.4093024279172066,0.0405,0.004,0.3165,-0.0095,-0.00300675,1.36,0.09889394925178921,0.09303838646714378,0.11776187378009109,0.03251336898395722,1.2837837837837838,0.9407894736842105,1.9128171763175017,10.111842105263158,0.5227891156462585,0.3287700534759358,8.49171270718232,cac 40,Finance,Assurance (vie),2386592828,99843,36681.932,70165.829,47994.382,111573.215,3627.621,4319.733
BIOX,Overvalued,0,Biomerieux SA (BIOX),71.4,143.2,123.6,86.32065108816285,5.20043841336117,19.97,2.31,0.19,4.32,10.32,24.26,-0.4318705714321154,0.1378,0.0779,0.3306,0.0644,0.02129064,-0.09,0.018689320388349515,0.0015372168284789646,0.03495145631067961,0.0952184666117065,1.0082633053221286,0.08225108225108226,0.1615695792880259,53.506493506493506,6.189283925888834,5.094806265457542,28.611111111111107,cac mid 60,Santé,Biotechnologie et médicaments,118345697,11795,14627.528,2363.364,1221.328,2871.067,273.379,511.253
BNPP,Overvalued,0,BNP Paribas SA (BNPP),24.5,54.22,26.75,5.38699126398528,17.055973498610815,89.34,6.21,3.1,13.06,80.15,47.04,-3.9656661184578255,0.0642,0.0031,1.476,-0.0104,-0.015350399999999998,1.63,0.23214953271028038,0.11588785046728972,0.4882242990654206,0.132015306122449,1.339591836734694,0.499194847020934,3.3398130841121496,4.30756843800322,0.29941795388403847,0.5686649659863946,2.048238897396631,cac 40,Finance,Banques (money center),1248591040,198816,33399.81,111549.124,100074.572,58733.723,7753.75,16306.599
BOLL,Undervalued,1,Bolloré SA (BOLL),2.01,4.12,3.26,32.21570366296537,1.244956208140134,2.88,0.08,0.06,1.15,-6.41,8.41,0.8988071148746118,0.029500000000000002,0.0285,1.3252000000000002,0.015000000000000001,0.019878000000000003,0.75,0.024539877300613498,0.018404907975460124,0.35276073619631904,0.009512485136741975,1.0796019900497515,0.75,0.8834355828220859,40.75,1.1319444444444444,0.3876337693222354,2.8347826086956522,cac mid 60,Services,Services aux entreprises,2930886036,83801,9554.688,8440.952,-18786.979,24648.752,234.471,3370.519
BOUY,Overvalued,0,Bouygues SA (BOUY),22.27,41.32,28.53,14.755931569916513,8.592081667926974,26.45,3.18,1.7,6.38,3.62,92.5,-0.9334597659808355,0.07429999999999999,0.0106,1.0137,-0.0029,-0.0029397299999999998,0.87,0.11146161934805468,0.059586400280406585,0.22362425516999648,0.03437837837837838,0.9317467444993265,0.5345911949685535,0.9270942867157378,8.971698113207546,1.078638941398866,0.30843243243243246,4.471786833855799,cac 40,Biens d'équipement,Services de construction,379828120,133197,10836.496,10046.454,1374.978,35134.101,1207.853,2423.303
BVI,Undervalued,1,Bureau Veritas SA (BVI),15.16,26.01,20.24,66.64885866573998,2.008080998351778,2.5,0.83,0.56,1.23,-3.04,10.73,0.6963188806951901,0.1506,0.026000000000000002,3.6782,0.012500000000000002,0.045977500000000004,1.01,0.04100790513833992,0.027667984189723323,0.060770750988142296,0.07735321528424977,0.7526385224274408,0.674698795180723,0.12351778656126483,24.385542168674696,8.096,1.8863000931966447,16.455284552845526,cac next 20,Services,Services aux entreprises,448923687,78395,9086.215,1122.309,-1364.728,4816.951,372.607,552.176
CAPP,Overvalued,0,Capgemini SE (CAPP),51.78,120.9,75.38,26.628562492740386,10.693571751923947,35.01,5.15,1.9,7.77,-30.77,85.48,-1.8307949413548132,0.1164,0.039599999999999996,1.6003,0.026099999999999998,0.04176783,1.1,0.06832050941894402,0.02520562483417352,0.10307773945343593,0.06024801123069724,1.3715720355349557,0.3689320388349514,0.46444680286548157,14.636893203883494,2.153099114538703,0.8818437061300888,9.701415701415701,cac 40,Technologie,Logiciels et programmation,169028781,219314,12741.39,5917.698,-5201.016,14448.58,870.498,1313.354
CARR,Undervalued,1,Carrefour SA (CARR),12.2,18.15,14.66,28.17911050897978,4.357877705400295,11.49,0.53,0.46,3.71,-0.02,91.61,0.4797564672835103,0.0482,0.0131,1.8378,-0.0003999999999999993,-0.0007351199999999988,0.69,0.03615279672578445,0.03137789904502047,0.2530695770804911,0.005785394607575592,0.5254098360655738,0.8679245283018868,0.7837653478854024,27.660377358490564,1.2758920800696258,0.16002619801331733,3.951482479784367,cac 40,Services,Détaillants (épicerie),797807965,321383,11695.865,9166.814,-15.956,73087.188,422.838,2959.868
CASP,Overvalued,0,Casino Guichard Perrachon SA (CASP),21.34,50.08,22.5,9.212505910298331,13.686699550586432,34.77,-3.86,3.12,9.64,-46.83,310.7,-1.4423322187341072,-0.0877,-0.010700000000000001,2.4231,-0.0242,-0.05863901999999999,0.65,-0.17155555555555554,0.13866666666666666,0.42844444444444446,-0.012423559703894431,1.492970946579194,-0.8082901554404146,1.5453333333333334,-5.829015544041451,0.6471095772217428,0.07241712262632764,2.33402489626556,cac mid 60,Services,Détaillants (épicerie),107750694,209696,2424.391,3746.492,-5045.965,33478.141,-415.918,1038.717
GEPH,Undervalued,1,CGG SA (GEPH),0.629,3.121,0.716,7.290787065664883,0.573370142280739,1.55,0.14,0.0,0.54,-0.61,1.48,0.9017938675822917,-0.0582,-0.0212,1.0168000000000001,-0.0347,-0.03528296000000001,2.74,0.19553072625698326,0.0,0.7541899441340782,0.0945945945945946,3.9618441971383147,0.0,2.164804469273743,5.114285714285714,0.4619354838709677,0.4837837837837838,1.3259259259259257,cac mid 60,Energie,Puits de pétrole - services et équipement,711323839,4564,509.308,1102.552,-433.908,1052.759,99.585,384.115
CNPP,Overvalued,0,CNP Assurances SA (CNPP),5.3,18.65,11.29,7.250898140296162,3.701362415386268,27.55,1.98,0.94,2.57,26.66,51.09,-0.5570484899321535,0.0693,0.0038,1.0185,-0.0097,-0.00987945,1.28,0.1753764393268379,0.08325952170062002,0.22763507528786536,0.03875513799177921,2.696226415094339,0.47474747474747475,2.4402125775022148,5.7020202020202015,0.4098003629764065,0.2209825797612057,4.392996108949417,cac mid 60,Finance,Assurance (biens et multirisques),685913525,5353,7743.964,18896.918,18286.455,35043.322,1358.109,1762.798
COFA,Undervalued,1,Coface (COFA),4.45,12.51,6.74,9.101683571933831,1.9046917736166633,12.72,0.97,1.0,0.86,11.23,7.25,0.2594776618269147,0.049400000000000006,0.0125,0.5236,-0.0009999999999999992,-0.0005235999999999995,0.85,0.14391691394658754,0.14836795252225518,0.12759643916913946,0.13379310344827586,2.035955056179775,1.0309278350515465,1.8872403560830862,6.948453608247423,0.5298742138364779,0.9296551724137931,7.837209302325582,cac mid 60,Finance,Assurance (vie),150697558,3248,1015.702,1916.873,1692.334,1092.557,146.177,129.6
CAGR,Overvalued,0,Crédit Agricole SA (CAGR),5.7,13.8,6.7,5.530801214295882,28.834001920409687,22.16,1.49,0.7,26.37,15.61,76.49,-0.21139772347666397,0.06269999999999999,0.0028000000000000004,3.6674,-0.0107,-0.03924118,1.69,0.22238805970149253,0.1044776119402985,3.935820895522388,0.019479670545169303,1.5438596491228072,0.4697986577181208,3.307462686567164,4.496644295302014,0.30234657039711194,0.08759314943129821,0.2540766021994691,cac 40,Finance,Banques régionales,2884253712,73037,19324.5,63915.062,45023.2,220616.566,4297.538,76057.77
DANO,Overvalued,0,Danone SA (DANO),50.26,82.38,58.4,32.147817217903295,7.963044708545558,25.17,2.95,2.1,5.18,-12.23,38.24,-0.8166085617619077,0.1165,0.0446,1.1865,0.031100000000000003,0.03690015000000001,0.68,0.050513698630136994,0.035958904109589046,0.0886986301369863,0.07714435146443514,0.6808595304417031,0.711864406779661,0.43099315068493155,19.796610169491522,2.3202224870878028,1.5271966527196652,11.274131274131275,cac 40,Consommateur/Non cycliques,Transformation alimentaire,648871267,102449,37894.082,16332.09,-7935.696,24812.837,1914.17,3361.153
AVMD,Overvalued,0,Dassault Aviation SA (AVMD),624.0,1310.0,799.0,18.046442308996976,113.26402266288952,514.41,85.74,25.4,77.54,500.34,835.87,-43.274654600572546,0.1175,0.0317,0.07519999999999999,0.0182,0.00136864,1.05,0.10730913642052566,0.03178973717146433,0.09704630788485608,0.10257575938842164,1.1400641025641025,0.2962444599953347,0.6438172715894869,9.318871005365057,1.5532357458058748,0.955890270018065,10.304359040495227,cac mid 60,Biens d'équipement,Aérospatiale et défense,8315282,12757,6643.91,4277.464,4160.468,6950.495,712.952,644.767
DAST,Overvalued,0,Dassault Systemes SE (DAST),105.0,164.15,121.65,83.04886181440415,5.098663697104677,20.37,2.37,0.7,3.95,-13.24,16.34,-0.46480032768975055,0.102,0.0449,0.8656999999999999,0.031400000000000004,0.027182980000000002,0.69,0.019482120838471024,0.005754212905877517,0.03247020139745171,0.14504283965728276,0.5700000000000001,0.2953586497890295,0.16744759556103575,51.32911392405063,5.972017673048601,7.4449204406364755,30.79746835443038,cac 40,Technologie,Logiciels et programmation,259461643,19361,31563.509,5285.234,-3435.272,4239.603,614.924,1024.873
DBV,Overvalued,0,DBV Technologies SA (DBV),3.28,25.44,3.42,3.9376006019661114,-51.282051282051285,4.09,-4.15,0.0,-3.0,4.09,0.29,0.13145076260595467,-0.9415,-0.6593000000000001,0.0947,-0.6728000000000001,-0.06371416,1.36,-1.213450292397661,0.0,-0.8771929824561404,-14.31034482758621,6.75609756097561,-0.0,1.195906432748538,-0.8240963855421686,0.8361858190709046,11.793103448275863,-1.14,cac mid 60,Santé,Biotechnologie et médicaments,54874086,311,187.669,224.435,224.435,15.913,-227.727,-164.622
AIR,Overvalued,0,Airbus Group SE (AIR),48.12,139.4,57.04,157.3288612533088,78.28438596491252,1.69,-1.75,1.53,-1.75,-19.35,74.99,0.6374473218352339,-1.0228,-0.0395,16.688399999999998,-0.053,-0.8844851999999999,1.74,-0.030680224403927068,0.02682328190743338,-0.030680224403927068,-0.023336444859314576,1.928719866999169,-0.8742857142857143,0.029628330995792426,-32.59428571428571,33.75147928994083,0.7606347513001734,-32.59428571428571,cac 40,Biens d'équipement,Aérospatiale et défense,782310505,135978,44622.991,1322.105,-15137.708,58665.465,-1369.043,-1369.043
EDEN,Overvalued,0,Edenred SA (EDEN),29.74,51.56,42.43,77.11741694520252,2.6958941605839417,-5.28,1.29,0.7,1.75,-14.05,6.38,0.4498000363504191,0.1232,0.034300000000000004,2.0964,0.020800000000000006,0.04360512000000001,0.74,0.030403016733443318,0.016497761018147535,0.04124440254536884,0.20219435736677116,0.7572293207800943,0.5426356589147286,-0.12444025453688429,32.89147286821705,-8.035984848484848,6.650470219435737,24.245714285714286,cac next 20,Services,Publicité,245817083,8861,10430.019,-1297.914,-3453.73,1568.313,317.104,430.18
EDF,Overvalued,0,Electricité de France SA (EDF),5.98,13.61,8.79,8.50436338878298,5.081530241726321,14.48,1.66,0.33,4.58,8.15,22.67,-0.03358706562254454,0.0361,0.0055000000000000005,1.7353999999999998,-0.008,-0.013883199999999998,0.78,0.1888509670079636,0.03754266211604096,0.5210466439135382,0.07322452580502867,1.3311036789297657,0.1987951807228916,1.647326507394767,5.295180722891566,0.6070441988950276,0.3877370974856638,1.9192139737991265,cac next 20,Fournisseurs de services,Fournisseurs d'électricité,3098738148,161522,27237.908,44869.728,25254.716,70248.394,5143.905,14192.221
FOUG,Overvalued,0,Eiffage SA (FOUG),44.65,111.75,75.46,18.171849737613435,23.678038099408802,51.87,7.48,2.8,19.07,-103.71,173.72,-3.152576710108235,0.0866,0.0219,3.2187,0.0084,0.027037079999999998,1.13,0.0991253644314869,0.03710575139146568,0.2527166710840181,0.04305779415150818,1.5655095184770436,0.374331550802139,0.6873840445269017,10.088235294117645,1.4547908232118758,0.43437715864609716,3.9570005243838486,cac next 20,Biens d'équipement,Services de construction,97781980,72213,7378.628,5071.951,-10140.969,16986.686,731.409,1864.702
ELIOR,Undervalued,1,Elior Group (ELIOR),4.07,13.83,4.36,10.65423572357507,1.5632313379197043,9.42,0.4,0.29,1.24,-2.93,27.97,0.5907730865807251,0.026099999999999998,0.0076,0.9762000000000001,-0.0059,-0.00575958,1.24,0.09174311926605505,0.0665137614678899,0.2844036697247706,0.014301036825169826,2.469287469287469,0.7249999999999999,2.1605504587155964,10.9,0.4628450106157113,0.1558813013943511,3.516129032258065,cac mid 60,Services,Restauration,169856718,110162,740.575,1600.05,-497.68,4750.892,67.943,210.622
ELIS,Undervalued,1,Elis Services SA (ELIS),5.38,19.0,11.09,18.820956368301573,3.6436007348438455,12.4,0.63,0.0,3.57,-8.05,13.28,0.41076320549375056,0.0202,0.006999999999999999,1.4375,-0.006500000000000001,-0.009343750000000001,1.38,0.05680793507664563,0.0,0.3219116321009919,0.04743975903614458,2.5315985130111525,0.0,1.1181244364292156,17.603174603174605,0.8943548387096774,0.8350903614457832,3.1064425770308124,cac mid 60,Services,Services aux entreprises,221179748,49868,2452.883,2742.629,-1780.497,2937.267,139.343,789.612
ERMT,Overvalued,0,Eramet SA (ERMT),18.66,55.56,26.8,9.021679384977439,-53.468033775633295,28.61,-6.94,0.0,-17.73,12.25,134.48,-1.9706220822507117,-0.6684,-0.1207,4.5931,-0.1342,-0.61639402,1.24,-0.258955223880597,0.0,-0.6615671641791044,-0.05160618679357526,1.9774919614147912,-0.0,1.0675373134328359,-3.861671469740634,0.9367354072002797,0.19928613920285546,-1.5115623237450648,cac mid 60,Matériaux de base,Exploitation des métaux,26459441,12600,709.113,757.005,324.128,3558.266,-183.629,-469.126
ESLX,Overvalued,0,EssilorLuxottica SA (ESLX),86.76,145.0,108.15,37.04161031375055,7.191545463639092,77.34,2.48,2.04,5.15,-2.22,33.77,-1.9196894812062926,-0.0003,0.0012,0.36729999999999996,-0.0123,-0.00451779,0.78,0.022931114193250113,0.0188626907073509,0.047619047619047616,0.07343796268877702,0.6947902259105577,0.8225806451612904,0.715117891816921,43.608870967741936,1.3983708301008533,3.2025466390287236,21.0,cac 40,Santé,Matériel médical et fournitures,436779219,150616,47237.673,33780.505,-969.65,14750.034,1083.212,2249.413
EURA,Overvalued,0,Eurazeo (EURA),35.6,70.05,47.36,23.07271938343713,-2.2408960494372105,60.0,1.58,1.5,-3.39,-13.44,56.76,-1.0526405757787538,-0.09380000000000001,-0.0521,1.1174,-0.0656,-0.07330144000000001,1.09,0.033361486486486486,0.0316722972972973,-0.0715793918918919,0.02783650458069063,1.0098314606741572,0.9493670886075949,1.2668918918918919,29.974683544303797,0.7893333333333333,0.8343904157857647,-13.970501474926253,cac mid 60,Finance,Services financiers (divers),75807044,29124,3590.222,4548.423,-1018.847,4302.808,119.775,-256.986
EUFI,Overvalued,0,Eurofins Scientific SE (EUFI),393.0,730.0,661.4,55.903031624131984,57.539114495205865,180.59,17.44,3.45,47.95,-55.45,250.24,-10.831200934628555,0.11349999999999999,0.0495,0.9331999999999999,0.036000000000000004,0.0335952,0.79,0.026368309646205023,0.005216208043543998,0.07249773208345933,0.06969309462915602,0.8662849872773537,0.1978211009174312,0.2730420320532205,37.9243119266055,3.662439780718755,2.643062659846547,13.793534932221062,cac next 20,Santé,Biotechnologie et médicaments,18984199,43476,12556.149,3428.356,-1052.674,4750.606,331.084,910.292
ENX,Overvalued,0,Euronext (ENX),52.9,105.1,98.1,72.28702463553205,8.48134048662536,12.99,3.19,1.59,4.56,-7.63,11.67,-0.35709002403426915,0.3383,0.1167,1.4576,0.1032,0.15042432,0.64,0.03251783893985729,0.016207951070336395,0.046483180428134555,0.27335047129391604,1.0168241965973535,0.4984326018808778,0.13241590214067278,30.752351097178682,7.551963048498845,8.406169665809768,21.513157894736842,cac mid 60,Finance,Services d'investissement,69767375,1236,6844.179,906.278,-532.325,814.185,222.558,318.139
ETL,Undervalued,1,Eutelsat Communications SA (ETL),7.98,18.67,9.12,11.24610659271953,4.975077650236326,11.56,1.28,0.89,3.63,4.07,5.5,0.18905268016007626,0.1114,0.0394,1.3244999999999998,0.0259,0.034304549999999996,0.79,0.14035087719298248,0.09758771929824563,0.39802631578947373,0.23272727272727273,1.4511278195488724,0.6953125,1.2675438596491229,7.124999999999999,0.7889273356401383,1.658181818181818,2.512396694214876,cac mid 60,Services,Services de communication,230150705,1001,2098.974,2660.542,936.713,1265.829,294.593,835.447
EPED,Overvalued,0,Faurecia (EPED),20.58,53.02,37.63,16.84546402203736,10.289356096532828,26.05,4.31,1.3,8.53,-10.53,109.08,-1.2338357643797857,-0.051100000000000007,-0.0079,1.8358,-0.021400000000000002,-0.03928612000000001,2.03,0.11453627424926918,0.03454690406590486,0.22668083975551417,0.03951228456178951,1.6394557823129254,0.30162412993039445,0.6922668083975552,8.730858468677496,1.4445297504798464,0.344976164283095,4.4114888628370466,cac next 20,Biens de consommation cycliques,Pièces automobiles et de camions,136904807,104672,5151.728,3566.37,-1441.608,14933.576,590.06,1167.798
FTI,Overvalued,0,TechnipFMC PLC (FTI),4.5,24.24,6.34,4.265998258450473,-57.94418235877103,9.22,-5.39,0.48,-11.79,1.43,29.83,-0.48617032073118116,-0.7981999999999999,-0.2561,1.0884,-0.2696,-0.29343264,2.17,-0.8501577287066245,0.07570977917981073,-1.859621451104101,-0.1806905799530674,4.493333333333333,-0.08905380333951762,1.4542586750788644,-1.176252319109462,0.6876355748373101,0.21253771371102917,-0.53774385072095,cac next 20,Energie,Puits de pétrole - services et équipement,449408233,37000,2849.248,4143.544,642.654,13405.848,-2422.31,-5298.523
CVO,Overvalued,0,Covivio SA (CVO),38.84,112.2,61.9,10.501469471513847,16.23195776317207,89.24,8.76,4.8,10.61,87.49,12.39,-4.894413174071415,0.0719,0.0342,1.4494,0.020700000000000003,0.030002580000000004,1.17,0.14151857835218093,0.07754442649434572,0.17140549273021002,0.7070217917675544,2.0123583934088565,0.547945205479452,1.4416801292407109,7.066210045662101,0.6936351411922905,4.9959644874899105,5.834118755890669,cac mid 60,Services,Opérations immobilières,94205224,995,5831.303,8406.874,8242.015,1167.203,825.238,999.517
ORAN,Undervalued,1,Orange SA (ORAN),8.84,15.38,11.33,15.235934236303994,5.110961895403429,12.08,1.03,0.7,4.04,-3.73,15.7,0.2563632906078698,0.08410000000000001,0.0297,1.4635,0.0162,0.0237087,0.54,0.09090909090909091,0.061782877316857894,0.35657546337157986,0.06560509554140127,0.8190045248868779,0.6796116504854368,1.0661959399823477,11.0,0.9379139072847682,0.7216560509554141,2.8044554455445545,cac 40,Services,Services de communication,2650313631,135619,30028.053,32015.789,-9885.67,41609.924,2729.823,10707.267
ENGIE,Undervalued,1,Engie SA (ENGIE),8.63,16.8,9.36,21.31583314727127,2.754668330214182,12.76,0.34,0.8,1.88,2.24,24.13,0.5608897885749208,-0.0382,-0.003,1.3218,-0.0165,-0.0218097,1.07,0.03632478632478633,0.08547008547008549,0.20085470085470086,0.014090343970161626,1.0393974507531865,2.3529411764705883,1.3632478632478633,27.52941176470588,0.7335423197492162,0.38789888106092,4.9787234042553195,cac 40,Fournisseurs de services,Fournisseurs d'électricité,2413131292,171000,22586.909,30791.555,5405.414,58228.858,820.465,4536.687
GFCP,Overvalued,0,Gecina SA (GFCP),88.5,183.6,113.6,9.054070105706455,21.092349726775954,172.11,20.58,5.3,14.45,169.4,9.22,-11.546843427731137,0.085,0.0507,0.6012,0.037200000000000004,0.02236464,0.82,0.1811619718309859,0.04665492957746479,0.12720070422535212,2.232104121475054,1.134463276836158,0.25753158406219634,1.5150528169014086,5.519922254616132,0.6600429957585264,12.32104121475054,7.86159169550173,cac next 20,Services,Opérations immobilières,73504700,504,8350.134,12650.894,12451.696,677.713,1512.727,1062.143
GNFT,Overvalued,0,Genfit SA (GNFT),3.85,20.96,4.01,9.755564894024083,6.727574750830568,2.16,-1.76,0.0,-1.62,2.14,1.11,0.5889525574827158,-1.2408,-0.2416,2.1456999999999997,-0.2551,-0.5473680699999999,0.94,-0.43890274314214467,0.0,-0.4039900249376559,-1.5855855855855854,4.444155844155844,-0.0,0.5386533665835412,-2.278409090909091,1.8564814814814812,3.612612612612612,-2.4753086419753085,cac mid 60,Santé,Biotechnologie et médicaments,38858617,175,155.823,83.935,83.157,43.133,-68.391,-62.951
GETP,Undervalued,1,Getlink SE (GETP),8.61,17.04,12.23,66.19681680177304,0.8079997958975406,2.56,0.3,0.41,0.39,2.24,1.68,0.8152479138593198,0.020099999999999996,0.0038,3.4626,-0.0097,-0.03358722,0.92,0.02452984464431725,0.03352412101390024,0.03188879803761243,0.17857142857142858,1.0267131242740999,1.3666666666666667,0.20932134096484056,40.76666666666667,4.77734375,7.279761904761905,31.358974358974358,cac next 20,Transport,Sociétés ferroviaires,537893064,3539,6578.432,1377.006,1204.88,903.66,161.368,209.778
FNAC,Overvalued,0,Groupe FNAC (FNAC),16.29,60.75,37.82,12.477501422576454,17.997813799722728,47.63,4.34,1.5,15.47,-33.53,255.95,-2.0310555550464224,0.0623,0.0123,1.9131,-0.0011999999999999997,-0.0022957199999999994,1.43,0.11475409836065573,0.03966155473294553,0.4090428344791116,0.016956436804063293,2.821362799263352,0.3456221198156682,1.259386567953464,8.714285714285715,0.7940373714045769,0.14776323500683727,2.4447317388493857,cac mid 60,Services,Détaillants (spécialisés),26502673,21693,1002.331,1262.322,-888.635,6783.359,115.022,409.996
GTT,Overvalued,0,GTT (GTT),48.76,102.7,84.55,78.17986787380798,132.95370370370398,6.8,3.87,4.25,5.56,6.48,9.92,-0.08148046676766207,0.9568000000000001,0.5223,0.0258,0.5088,0.013127040000000001,0.77,0.045771732702542874,0.050266114725014785,0.0657599053814311,0.3901209677419355,1.1933962264150946,1.0981912144702841,0.08042578356002365,21.847545219638242,12.433823529411764,8.523185483870968,15.206834532374101,cac mid 60,Energie,Puits de pétrole - services et équipement,37069230,381,3134.203,252.071,240.209,367.727,143.458,206.105
HRMS,Overvalued,0,Hermès International SCA (HRMS),516.0,725.6,617.2,98.21505163135463,21.99613124387855,60.61,14.66,4.55,14.25,58.57,58.02,-5.284169175175205,0.1832,0.1193,0.24480000000000002,0.1058,0.025899840000000004,0.61,0.02375243033052495,0.007372002592352559,0.023088139987038236,0.2526714925887625,0.4150193798449613,0.31036834924965895,0.09820155541153595,42.100954979536155,10.18313809602376,10.637711134091692,43.31228070175439,cac 40,Biens de consommation cycliques,Vêtements / accessoires,104207783,15417,64317.044,6316.034,6103.45,6046.136,1527.686,1484.961
ICAD,Overvalued,0,Icade (ICAD),47.08,106.0,51.4,19.53056328044652,8.948407391113067,38.67,4.03,4.01,4.49,37.78,19.82,-1.631772533230535,0.0908,0.024399999999999998,2.5385,0.010899999999999998,0.027669649999999994,0.74,0.0784046692607004,0.07801556420233463,0.08735408560311285,0.20332996972754794,1.336661002548853,0.9950372208436723,0.7523346303501947,12.754342431761785,1.3291957589862942,2.593340060544904,11.447661469933184,cac mid 60,Services,Opérations immobilières,73932200,1127,3800.115,2858.958,2793.159,1465.336,297.947,331.956
ILD,Overvalued,0,Iliad (ILD),80.26,184.0,168.55,15.112103544264434,109.72951960617891,94.59,29.59,2.6,63.11,25.69,93.95,-10.153311615838588,0.41090000000000004,0.12029999999999999,1.4088,0.10679999999999999,0.15045983999999998,0.17,0.17555621477306435,0.015425689706318598,0.3744289528329872,0.3149547631718999,1.3249439322202838,0.08786752281176073,0.5611984574310294,5.696181142277797,1.7819008351834233,1.794039382650346,2.670733639676755,cac mid 60,Services,Services de communication,58390539,11083,9841.725,5523.161,1500.053,5485.791,1727.776,3685.027
IMTP,Overvalued,0,Imerys SA (IMTP),20.68,43.54,34.38,22.09664899693139,7.268135210109935,35.6,1.53,1.72,5.4,6.84,49.83,-0.5558920271021379,0.026699999999999998,0.0104,0.9201999999999999,-0.0031000000000000003,-0.00285262,1.5,0.04450261780104712,0.05002908667830133,0.15706806282722513,0.03070439494280554,1.1885880077369437,1.1241830065359477,1.0354857475276322,22.47058823529412,0.9657303370786517,0.6899458157736305,6.366666666666667,cac mid 60,Biens d'équipement,Construction - matières premières,84474296,15023,2904.226,3007.285,577.804,4209.354,129.246,456.161
INGC,Overvalued,0,Ingenico Group SA (INGC),64.46,151.15,142.0,60.9381574045842,8.93070097604259,36.47,3.35,1.2,6.97,-25.06,47.97,-1.330231271307159,0.0984,0.03,1.2178,0.0165,0.020093700000000003,0.93,0.023591549295774648,0.008450704225352112,0.04908450704225352,0.06983531373775277,1.3634812286689424,0.3582089552238806,0.25683098591549297,42.38805970149254,3.893611187277214,2.960183447988326,20.373027259684363,cac next 20,Technologie,Matériel informatique,62418073,8669,8863.366,2276.387,-1564.197,2994.195,209.101,435.054
IPN,Overvalued,0,Ipsen SA (IPN),34.2,105.5,94.1,116.2171312609965,2.857362750128271,22.35,-0.66,1.0,1.81,-0.21,32.5,0.19030870080011353,-0.0255,-0.011200000000000002,0.4537,-0.0247,-0.01120639,1.0,-0.007013815090329437,0.010626992561105207,0.019234856535600427,-0.020307692307692308,2.114035087719298,-1.5151515151515151,0.2375132837407014,-142.57575757575756,4.210290827740492,2.8953846153846152,51.98895027624309,cac mid 60,Santé,Biotechnologie et médicaments,83095833,5807,7819.318,1857.192,-17.45,2700.615,-54.843,150.403
ISOS,Overvalued,0,Ipsos (ISOS),15.82,32.1,21.65,13.673956934824785,4.583858267716535,23.6,2.39,0.45,3.78,-8.05,41.84,-0.5833017540710439,0.08560000000000001,0.0342,0.8678,0.020700000000000003,0.017963460000000004,1.07,0.11039260969976906,0.020785219399538108,0.1745958429561201,0.057122370936902485,1.0575221238938053,0.18828451882845187,1.0900692840646653,9.05857740585774,0.9173728813559321,0.5174474187380497,5.727513227513227,cac mid 60,Services,Services aux entreprises,43960255,18417,951.74,1037.462,-353.88,1839.297,105.065,166.17
JCDX,Undervalued,1,JC Decaux SA (JCDX),13.58,27.84,16.02,22.821119987297593,6.358474399164055,8.87,1.25,0.58,5.53,-1.71,13.18,0.2980186770449105,-0.043,-0.0137,3.8392,-0.027200000000000002,-0.10442624,1.3,0.0780274656679151,0.03620474406991261,0.34519350811485644,0.09484066767830046,1.092783505154639,0.46399999999999997,0.5536828963795256,12.815999999999999,1.80608793686584,1.2154779969650986,2.896925858951175,cac mid 60,Services,Publicité,212902810,12076,3410.703,1888.448,-364.064,2806.059,266.129,1177.353
PRTP,Overvalued,0,Kering SA (PRTP),348.55,614.9,477.0,61.17492740657059,43.53356367226061,79.21,17.27,11.5,25.96,3.33,108.9,-6.797312072474434,0.18960000000000002,0.0688,1.0683,0.0553,0.05907699,1.1,0.03620545073375262,0.02410901467505241,0.054423480083857445,0.15858585858585858,0.7971596614545975,0.665894614939201,0.16605870020964358,27.620150550086855,6.021966923368262,4.380165289256198,18.37442218798151,cac 40,Services,Détaillants (vêtements),126279322,38068,60235.237,10002.585,420.51,13751.818,2180.844,3278.211
LOIM,Overvalued,0,Klepierre SA (LOIM),10.94,34.66,12.62,10.22966803080629,2.0999199359487593,30.85,1.11,2.2,-0.1,28.66,5.03,-0.23366662163379193,-0.0008,-0.002,1.1631,-0.0155,-0.01802805,1.07,0.0879556259904913,0.17432646592709986,-0.00792393026941363,0.22067594433399604,2.369287020109689,1.981981981981982,2.444532488114105,11.369369369369368,0.4090761750405186,2.5089463220675943,-126.19999999999999,cac next 20,Services,Opérations immobilières,285225082,1062,3599.541,8799.194,8174.551,1434.682,316.6,-28.523
KORI,Overvalued,0,Korian Medica SA (KORI),25.16,45.66,32.7,23.49327620316471,7.749479756876481,31.36,1.39,0.6,6.94,-24.8,42.97,-0.39188760721227456,0.029300000000000003,0.0066,2.8251,-0.0069,-0.01949319,0.65,0.04250764525993883,0.018348623853211007,0.21223241590214068,0.03234814987200372,0.8386327503974562,0.43165467625899284,0.9590214067278287,23.525179856115113,1.0427295918367347,0.7609960437514546,4.7118155619596545,cac mid 60,Santé,Etablissements de santé,82708882,26336,2704.58,2593.751,-2051.18,3554.001,114.965,574.0
OREP,Overvalued,0,L'Oréal SA (OREP),196.0,278.5,240.0,61.09650890709553,14.190065588601152,51.82,6.7,4.25,8.79,26.93,50.09,-2.928211354350023,0.1157,0.0751,0.1477,0.0616,0.00909832,0.53,0.027916666666666666,0.017708333333333333,0.036625,0.13375923337991613,0.44260204081632654,0.6343283582089552,0.21591666666666667,35.82089552238806,4.631416441528367,4.791375524056698,27.303754266211605,cac 40,Consommateur/Non cycliques,Produits personnels et ménagers,558117205,86030,133948.129,28921.634,15030.096,27956.091,3739.385,4905.85
LVMH,Overvalued,0,LVMH Moet Hennessy Louis Vuitton SE (LVMH),278.7,439.05,344.5,51.334308214351644,28.264588585835433,71.11,14.25,6.8,18.73,9.51,93.26,-5.710911512852284,0.1274,0.048499999999999995,1.033,0.034999999999999996,0.03615499999999999,1.02,0.041364296081277216,0.01973875181422351,0.05436865021770682,0.15279862749303022,0.5997488338715466,0.47719298245614034,0.20641509433962263,24.17543859649123,4.844606946983546,3.6939738365858887,18.39295248264816,cac 40,Biens de consommation cycliques,Vêtements / accessoires,503652374,147715,173508.243,35814.72,4789.734,46970.62,7177.046,9433.409
FDJ,Undervalued,1,La Francaise Des Jeux Sa (FDJ),18.3,32.18,31.09,105.337727629966,1.6451715071112705,2.8,0.7,0.45,1.0,-0.09,9.74,0.7048540850509513,0.16329999999999997,0.0315,1.1255,0.018000000000000002,0.020259000000000003,1.03,0.022515278224509487,0.014474107430041815,0.0321646831778707,0.07186858316221766,0.7830601092896173,0.6428571428571429,0.09006111289803795,44.41428571428572,11.10357142857143,3.1919917864476384,31.09,cac mid 60,Services,Casinos et jeux,191000000,2622,5938.19,534.8,-17.19,1860.34,133.7,191.0
LAGA,Undervalued,1,Lagardere SCA (LAGA),8.14,21.26,17.39,24.742296949196874,5.706518799026237,7.51,1.48,1.0,3.48,-12.67,44.67,0.29715498784503624,-0.2606,-0.0338,5.7515,-0.047299999999999995,-0.27204595,1.29,0.0851063829787234,0.05750431282346176,0.2001150086256469,0.03313185583165435,1.7346437346437347,0.6756756756756757,0.4318573893041978,11.75,2.315579227696405,0.3892993060219387,4.99712643678161,cac mid 60,Services,Impression et édition,129185495,26689,2246.536,970.183,-1636.78,5770.716,191.195,449.566
LEGD,Overvalued,0,Legrand SA (LEGD),45.91,77.94,59.16,37.19040485141901,6.0108183632734535,18.19,3.13,1.42,3.91,-9.27,23.14,-0.5907328849027771,0.1483,0.0581,1.1935,0.0446,0.0532301,0.94,0.05290736984448952,0.024002704530087897,0.06609195402298851,0.13526361279170268,0.7285994336745808,0.4536741214057508,0.30747126436781613,18.900958466453673,3.2523364485981303,2.556611927398444,15.130434782608694,cac 40,Technologie,Instruments et commandes électroniques,273682252,38644,16191.042,4978.28,-2537.034,6333.007,856.625,1070.098
MMTP,Undervalued,1,Metropole Television SA (MMTP),8.55,17.09,11.3,16.672059459183597,4.930319608407716,7.49,1.38,1.0,2.73,3.36,10.27,0.32221930783868835,0.3054,0.1459,0.3728,0.1324,0.04935872,1.03,0.12212389380530972,0.08849557522123894,0.24159292035398228,0.13437195715676728,1.1157894736842104,0.7246376811594204,0.6628318584070796,8.188405797101451,1.5086782376502004,1.100292112950341,4.13919413919414,cac mid 60,Services,Audiovisuel et télévision par câble,125671000,2606,1420.082,941.276,422.255,1290.641,173.426,343.082
MDM,Undervalued,1,Maisons du Monde SAS (MDM),5.35,15.21,13.27,14.911053624812036,4.1839226930020175,13.5,1.32,0.0,3.94,-0.35,26.38,0.11005618154852037,0.0583,0.0158,1.9683000000000002,0.0023000000000000017,0.004527090000000004,1.49,0.09947249434815374,0.0,0.29691032403918616,0.05003790750568613,1.8429906542056078,0.0,1.0173323285606632,10.053030303030303,0.9829629629629629,0.5030326004548901,3.3680203045685277,cac mid 60,Biens de consommation cycliques,Meubles et équipements,45148771,8628,599.124,609.508,-15.802,1191.025,59.596,177.886
MERY,Undervalued,1,Mercialys SA (MERY),4.84,12.88,5.42,9.836964830807332,2.291259806183664,6.97,0.98,0.48,1.57,6.92,2.05,0.4490170399892368,0.1332,0.0358,2.4668,0.0223,0.055009640000000005,1.03,0.18081180811808117,0.08856088560885608,0.2896678966789668,0.4780487804878049,1.760330578512397,0.4897959183673469,1.2859778597785978,5.530612244897959,0.7776183644189383,2.6439024390243904,3.452229299363057,cac mid 60,Services,Opérations immobilières,91752867,111,497.301,639.517,634.93,188.093,89.918,144.052
MICP,Overvalued,0,Compagnie Générale des Etablissements Michelin SCA (MICP),68.0,119.5,86.06,15.83435257262755,17.503462972828984,68.59,9.69,2.0,14.55,44.14,121.19,-4.435018552559565,0.061500000000000006,0.023399999999999997,0.7047,0.009899999999999997,0.006976529999999998,1.03,0.11259586335115035,0.023239600278875203,0.16906809202881712,0.0799570921693209,0.7867647058823529,0.2063983488132095,0.7970020915640251,8.881320949432405,1.2547018515818633,0.7101245977390874,5.914776632302406,cac 40,Biens de consommation cycliques,Pneumatiques,179002555,127200,15404.96,12277.785,7901.173,21693.32,1734.535,2604.487
CNAT,Undervalued,1,Natixis (CNAT),1.47,4.41,2.18,5.613289318494628,27.13731907894737,6.06,0.56,0.03,26.37,4.92,76.49,0.6116359096586469,0.027200000000000002,0.0018,2.5288,-0.0117,-0.02958696,1.22,0.25688073394495414,0.013761467889908256,12.096330275229358,0.007321218459929404,2.0204081632653064,0.05357142857142856,2.7798165137614674,3.892857142857143,0.35973597359735976,0.02850045757615375,0.0826697004171407,cac mid 60,Finance,Banques régionales,3151102683,19639,6869.404,19095.682,15503.425,241027.844,1764.618,83094.578
NEOEN,Undervalued,1,Neoen SA (NEOEN),21.0,49.75,43.95,152.4669767376105,1.2073057476008668,7.79,0.24,0.0,1.17,5.63,2.83,0.7117408573291502,0.030899999999999997,0.0070999999999999995,3.2557,-0.0064,-0.02083648,1.03,0.00546075085324232,0.0,0.02662116040955631,0.08480565371024734,1.369047619047619,0.0,0.17724687144482365,183.12500000000003,5.641848523748395,15.530035335689046,37.56410256410257,cac mid 60,Fournisseurs de services,Fournisseurs d'électricité,84889800,213,3730.907,661.292,477.93,240.238,20.374,99.321
NEXS,Overvalued,0,Nexans SA (NEXS),21.55,50.8,47.3,27.02405186531059,3.253217795625066,24.53,-2.81,0.4,2.7,16.34,144.29,-0.7502926739389744,-0.0537,-0.011399999999999999,1.1569,-0.0249,-0.02880681,1.65,-0.059408033826638486,0.008456659619450317,0.05708245243128965,-0.01947466906923557,1.3758700696055681,-0.1423487544483986,0.5186046511627908,-16.83274021352313,1.928251121076233,0.32781204518677665,17.518518518518515,cac mid 60,Matériaux de base,Produits fabriqués (divers),43138921,25945,2040.471,1058.198,704.89,6224.515,-121.22,116.475
NEXI,Overvalued,0,Nexity (NEXI),23.3,47.76,30.08,15.330364493369965,7.761582285284317,29.87,2.9,2.0,5.36,-2.18,63.41,-0.9621190359178293,0.0697,0.015600000000000001,1.3908,0.002100000000000001,0.002920680000000002,0.8,0.09640957446808511,0.06648936170212766,0.17819148936170215,0.045734111338905536,1.1356223175965663,0.6896551724137931,0.9930186170212767,10.372413793103448,1.0070304653498492,0.4743731272669926,5.611940298507462,cac mid 60,Biens d'équipement,Services de construction,55387955,10989,1666.07,1654.438,-120.746,3512.15,160.625,296.879
ORP,Overvalued,0,Orpea SA (ORP),69.1,129.0,101.4,37.00066291606959,12.10258190496854,46.68,3.62,1.2,10.05,-11.68,55.86,-1.7404914401131295,0.0782,0.0177,3.0767,0.004200000000000001,0.012922140000000002,0.62,0.035700197238658776,0.011834319526627219,0.09911242603550297,0.06480486931614751,0.8842257597684517,0.3314917127071823,0.46035502958579877,28.01104972375691,2.172236503856041,1.8152524167561763,10.08955223880597,cac next 20,Santé,Etablissements de santé,64570695,65020,6547.468,3014.16,-754.186,3606.919,233.746,648.935
PERP,Overvalued,0,Pernod Ricard SA (PERP),112.25,179.5,135.3,78.42457045408115,5.850619758641849,53.15,1.26,3.12,2.67,-9.92,32.06,-0.7252246230563717,0.0222,0.0113,0.7047,-0.0022000000000000006,-0.0015503400000000003,0.59,0.009312638580931263,0.023059866962305987,0.019733924611973392,0.03930131004366812,0.6269042316258352,2.4761904761904763,0.392830746489283,107.3809523809524,2.545625587958608,4.220212102308173,50.67415730337079,cac 40,Consommateur/Non cycliques,Boissons (alcoolisées),263825497,19140,35695.59,14022.325,-2617.149,8458.245,332.42,704.414
PEUP,Overvalued,0,Peugeot SA (PEUP),8.88,27.06,13.64,7.318755658635603,8.203889756750725,21.83,3.58,1.23,6.25,5.19,65.21,-0.863704793028004,0.1038,0.0282,0.7195999999999999,0.0147,0.010578119999999998,1.64,0.2624633431085044,0.09017595307917887,0.45821114369501464,0.05489955528293207,2.1858108108108105,0.3435754189944134,1.6004398826979471,3.810055865921788,0.6248282180485571,0.20917037264223282,2.1824,cac 40,Biens de consommation cycliques,Constructeurs automobiles et de camions,894884478,196885,12206.224,19535.328,4644.45,58355.417,3203.686,5593.028
PLOF,Undervalued,1,Compagnie Plastic Omnium SA (PLOF),12.01,27.2,22.12,22.862107778674932,4.480054463651433,11.9,1.77,0.49,3.37,0.83,49.23,0.03246016447211164,-0.15539999999999998,-0.045700000000000005,1.2286,-0.0592,-0.07273312,1.93,0.08001808318264014,0.022151898734177215,0.1523508137432188,0.03595368677635588,1.305578684429642,0.2768361581920904,0.5379746835443038,12.497175141242938,1.8588235294117648,0.4493195206175097,6.563798219584569,cac mid 60,Biens de consommation cycliques,Pièces automobiles et de camions,145444918,23179,3217.242,1730.795,120.719,7160.253,257.438,490.149
PUBP,Overvalued,0,Publicis Groupe (PUBP),20.94,53.88,29.28,13.49825787788477,9.480616740088106,29.49,3.59,2.3,6.52,-26.63,47.78,-1.1691688116265482,0.092,0.021400000000000002,1.2690000000000001,0.007900000000000003,0.010025100000000004,0.75,0.12260928961748632,0.078551912568306,0.22267759562841527,0.07513604018417748,1.682903533906399,0.6406685236768802,1.0071721311475408,8.15598885793872,0.9928789420142422,0.6128087065717873,4.490797546012271,cac 40,Services,Publicité,236956827,73853,6938.096,6987.857,-6310.16,11321.797,850.675,1544.959
RCOP,Overvalued,0,Rémy Cointreau (RCOP),79.2,154.0,150.7,92.13247937594798,3.888047593293672,28.13,2.14,1.0,2.67,18.14,19.56,-0.635688098494195,0.0755,0.0394,0.4905,0.0259,0.01270395,0.16,0.014200398142003983,0.006635700066357001,0.01771731917717319,0.10940695296523519,0.957070707070707,0.4672897196261682,0.18666224286662245,70.42056074766354,5.357269818698898,7.7044989775051125,56.44194756554307,cac mid 60,Consommateur/Non cycliques,Boissons (alcoolisées),49849721,1853,7512.353,1402.273,904.274,975.061,106.678,133.099
RENA,Overvalued,0,Renault SA (RENA),12.77,64.2,18.48,12.886083783384931,-21.0840187044423,88.99,-0.52,1.1,-16.13,65.89,169.19,-0.43410521851702977,-0.2729,-0.0726,2.3266,-0.0861,-0.20032026,1.54,-0.02813852813852814,0.05952380952380953,-0.8728354978354977,-0.0030734676990365863,4.113547376664057,-2.1153846153846154,4.81547619047619,-35.53846153846154,0.20766378244746603,0.10922631361191561,-1.1456912585244887,cac 40,Biens de consommation cycliques,Constructeurs automobiles et de camions,291022000,183002,5378.087,25898.048,19175.44,49238.012,-151.331,-4694.185
RXL,Overvalued,0,Rexel (RXL),4.92,13.41,11.48,18.898218187756815,0.10150729155070681,12.21,0.68,0.48,-0.34,-1.94,42.96,0.3925353233863442,-0.1017,-0.0379,0.8758,-0.0514,-0.04501612,1.78,0.059233449477351915,0.04181184668989547,-0.029616724738675958,0.015828677839851025,1.8231707317073171,0.7058823529411764,1.0635888501742161,16.88235294117647,0.9402129402129402,0.2672253258845438,-33.76470588235294,cac mid 60,Technologie,Instruments et commandes électroniques,302353101,22908,3471.014,3691.731,-586.565,12989.089,205.6,-102.8
ROBF,Overvalued,0,Robertet (ROBF),662.0,1068.0,1022.0,71.97004163200032,40.54415954415955,197.61,22.96,5.0,31.19,184.93,239.94,-13.200353047254376,0.1225,0.08130000000000001,0.2207,0.06780000000000001,0.014963460000000003,0.34,0.022465753424657536,0.004892367906066536,0.030518590998043053,0.09569058931399517,0.620845921450151,0.21777003484320556,0.19335616438356165,44.512195121951216,5.171803046404534,4.259398182879053,32.766912471946135,cac mid 60,Consommateur/Non cycliques,Produits personnels et ménagers,2308095,1940,2358.873,456.103,426.836,553.804,52.994,71.989
RUBF,Overvalued,0,Rubis SCA (RUBF),31.6,57.45,38.7,22.713833564166205,5.541773778920309,23.58,2.77,1.75,3.54,11.32,44.7,-0.703807500863874,0.0664,0.0331,0.6383,0.0196,0.01251068,0.83,0.07157622739018088,0.04521963824289405,0.09147286821705426,0.06196868008948545,0.8734177215189873,0.631768953068592,0.6093023255813953,13.971119133574009,1.6412213740458017,0.8657718120805369,10.932203389830509,cac mid 60,Energie,Activités pétrolières et gazières,103520893,3519,4006.259,2441.023,1171.857,4627.384,286.753,366.464
SAF,Overvalued,0,Safran SA (SAF),51.1,152.3,72.0,26.82857648740452,7.801431596781025,28.48,5.69,2.38,5.12,-5.27,50.59,-1.6837055642442516,0.0556,0.0169,0.6557999999999999,0.0033999999999999985,0.002229719999999999,1.27,0.07902777777777778,0.03305555555555555,0.07111111111111111,0.11247282071555643,2.0270058708414873,0.4182776801405975,0.39555555555555555,12.653778558875219,2.5280898876404496,1.4232061672267247,14.0625,cac 40,Biens d'équipement,Aérospatiale et défense,477028673,95443,34346.064,13585.777,-2513.941,24132.881,2714.293,2442.387
SGOB,Overvalued,0,Compagnie de Saint-Gobain SA (SGOB),16.41,39.56,25.24,12.89165310642283,5.575875241288225,33.3,2.59,1.38,4.13,9.22,71.5,-0.9578559701877971,0.015700000000000002,0.0062,0.9470999999999999,-0.0073,-0.006913829999999999,1.21,0.1026148969889065,0.05467511885895404,0.16362916006339145,0.03622377622377622,1.4948202315661183,0.5328185328185328,1.3193343898573693,9.745173745173744,0.757957957957958,0.353006993006993,6.11138014527845,cac 40,Biens d'équipement,Construction - matériaux et équipements,542087728,170643,13682.294,18051.521,4998.049,38759.273,1404.007,2238.822
SASY,Overvalued,0,Sanofi SA (SASY),67.65,95.06,84.0,36.73219621433755,15.474895551732612,50.5,2.33,3.15,10.03,0.82,30.03,-1.2868221521481629,0.1862,0.0944,0.3942,0.0809,0.03189078,0.57,0.02773809523809524,0.0375,0.1194047619047619,0.07758907758907758,0.45173688100517356,1.351931330472103,0.6011904761904762,36.05150214592275,1.6633663366336633,2.797202797202797,8.374875373878366,cac 40,Santé,Biotechnologie et médicaments,1253826630,100409,105321.437,63318.245,1028.138,37652.414,2921.416,12575.881
SCHN,Overvalued,0,Schneider Electric SE (SCHN),61.72,105.5,81.98,30.14584563777498,9.405155391001909,37.99,4.38,2.55,6.11,-5.04,45.68,-1.7194460220174745,0.10869999999999999,0.0492,0.5171,0.0357,0.018460470000000003,1.05,0.05342766528421566,0.03110514759697487,0.07453037326177116,0.09588441330998249,0.7506480881399871,0.5821917808219178,0.4634057087094413,18.716894977168952,2.1579362990260593,1.7946584938704029,13.41734860883797,cac 40,Technologie,Instruments et commandes électroniques,551021671,151297,45172.757,20933.313,-2777.149,25170.67,2413.475,3366.742
SCOR,Overvalued,0,SCOR (SCOR),15.88,39.23,24.12,12.986917555720213,5.075490296745046,34.19,2.27,1.8,3.19,23.05,91.2,-0.8572536474889774,0.026099999999999998,0.0034999999999999996,0.4778,-0.01,-0.004778,1.2,0.09411276948590382,0.07462686567164178,0.13225538971807627,0.024890350877192984,1.5837531486146093,0.7929515418502203,1.417495854063018,10.625550660792952,0.7054694355074584,0.2644736842105263,7.561128526645769,cac next 20,Finance,Assurance (biens et multirisques),186284798,3028,4493.189,6369.077,4293.865,16989.174,422.866,594.249
SEBF,Overvalued,0,SEB SA (SEBF),86.35,150.6,140.1,35.69404418850283,14.956237225858306,45.43,7.63,1.43,11.78,-12.69,133.05,-2.9250245576018723,0.1291,0.0407,1.7015,0.027200000000000002,0.046280800000000004,1.0,0.05446109921484654,0.01020699500356888,0.08408279800142755,0.057346862081924084,0.7606253618992473,0.1874180865006553,0.32426837972876515,18.36173001310616,3.0838652872551178,1.052987598647125,11.893039049235993,cac mid 60,Biens de consommation cycliques,Appareils et outils,49939417,33293,6996.512,2268.748,-633.731,6644.439,381.038,588.286
SESFd,Undervalued,1,SES SA (SESFd),4.87,18.11,6.27,11.106133318538753,2.4888792926177254,13.28,0.54,0.34,2.09,3.0,4.32,0.4354470795399248,0.0274,0.0163,0.6286999999999999,0.0027999999999999987,0.001760359999999999,1.1,0.0861244019138756,0.054226475279106866,0.3333333333333333,0.125,2.788501026694045,0.6296296296296297,2.1180223285486446,11.611111111111109,0.47213855421686746,1.4513888888888886,3.0,cac mid 60,Services,Services de communication,558590436,2159,3502.362,7418.081,1675.771,2413.111,301.639,1167.454
BICP,Overvalued,0,Société BIC SA (BICP),41.86,68.25,47.82,20.656430086872277,3.4548622366288493,30.84,3.91,2.45,0.93,25.53,39.2,-1.315017638521717,0.0745,0.045,0.1451,0.0315,0.00457065,0.2,0.08176495190296947,0.051233793391886245,0.01944792973651192,0.09974489795918368,0.6889632107023411,0.6265984654731458,0.644918444165621,12.230179028132993,1.5505836575875487,1.2198979591836734,51.41935483870967,cac mid 60,Consommateur/Non cycliques,Fournitures de bureau,44980244,12777,2150.955,1387.191,1148.346,1763.226,175.873,41.832
SOGN,Overvalued,0,Societe Generale SA (SOGN),12.8,32.23,14.6,4.671546769832239,28.898390199453274,71.82,3.06,2.2,26.37,67.03,76.49,-2.1253031852925885,-0.0123,0.0003,1.0548,-0.0132,-0.01392336,1.66,0.2095890410958904,0.15068493150684933,1.8061643835616439,0.04000522944175709,1.6898437499999996,0.7189542483660131,4.91917808219178,4.771241830065359,0.203285992759677,0.1908746241338737,0.5536594615092908,cac 40,Finance,Banques régionales,845140139,138240,12339.046,60697.965,56649.744,64644.769,2586.129,22286.345
EXHO,Overvalued,0,Sodexo SA (EXHO),48.45,108.5,66.64,27.904984111374944,12.764231647242582,28.14,4.56,2.9,8.21,-20.39,152.64,-1.3881038503381715,0.1677,0.0379,1.5022,0.024400000000000005,0.03665368000000001,0.97,0.06842737094837935,0.04351740696278511,0.12319927971188477,0.029874213836477988,1.2992776057791535,0.6359649122807018,0.4222689075630252,14.6140350877193,2.3681592039800994,0.4365828092243187,8.116930572472594,cac next 20,Services,Restauration,145633621,470000,9705.025,4098.13,-2969.47,22229.516,664.089,1195.652
SOIT,Overvalued,0,Soitec SA (SOIT),48.86,132.8,126.0,79.13500234081937,6.151440114687866,16.63,3.43,0.0,4.72,14.82,18.09,-0.5922157866040367,0.2327,0.12119999999999999,0.41700000000000004,0.10769999999999999,0.0449109,2.12,0.027222222222222224,0.0,0.03746031746031746,0.18960751796572692,1.7179697093737212,0.0,0.13198412698412698,36.73469387755102,7.576668671076368,6.965174129353234,26.69491525423729,cac mid 60,Technologie,Semi-conducteurs,33176479,1566,4180.236,551.725,491.675,600.163,113.795,156.593
SOLB,Overvalued,0,Solvay SA (SOLB),52.82,106.5,80.84,29.890832233745233,21.087232477087905,72.82,-2.26,1.57,15.12,17.0,101.87,-1.7045081705264717,-0.2253,-0.091,0.5239,-0.1045,-0.05474755,1.32,-0.02795645719940623,0.0194210786739238,0.1870361207323107,-0.02218513792087955,1.04600530102234,-0.6946902654867257,0.9007916872835229,-35.76991150442478,1.1101345784125243,0.79356042014332,5.346560846560847,cac next 20,Matériaux de base,Produits chimiques - plastiques et caoutchouc,103410650,24100,8359.717,7530.364,1757.981,10534.443,-233.708,1563.569
SOPR,Overvalued,0,Sopra Steria Group SA (SOPR),78.15,162.0,141.2,28.68212952409746,22.301389511429853,68.85,7.92,2.4,17.76,-30.18,215.52,-3.922925959223843,0.1076,0.0346,0.752,0.0211,0.0158672,1.4,0.056090651558073655,0.0169971671388102,0.1257790368271955,0.036748329621380846,1.1036468330134357,0.30303030303030304,0.4876062322946176,17.828282828282827,2.0508351488743646,0.6551596139569412,7.950450450450449,cac mid 60,Technologie,Services informatiques,20271782,46603,2862.376,1395.712,-611.802,4368.974,160.553,360.027
SPIE,Undervalued,1,Spie SA (SPIE),7.8,19.72,15.68,24.48008615455727,2.3232646626024804,9.05,1.02,0.61,1.63,-17.5,42.91,0.3594793784220006,0.048600000000000004,0.0086,1.7716,-0.0049,-0.00868084,1.55,0.06505102040816327,0.0389030612244898,0.10395408163265306,0.023770682824516432,1.606410256410256,0.5980392156862745,0.5771683673469389,15.372549019607842,1.7325966850828727,0.36541598694942906,9.619631901840492,cac mid 60,Biens d'équipement,Services de construction,157697734,47446,2472.7,1427.164,-2759.71,6766.81,160.852,257.047
STDM,Overvalued,0,Sartorius Stedim Biotech SA (STDM),120.6,310.8,293.0,235.94820156370278,5.080002555257442,13.66,2.54,0.34,3.71,4.86,17.27,-0.2417979796336529,0.2173,0.13140000000000002,0.2642,0.11790000000000002,0.031149180000000005,0.35,0.008668941979522185,0.0011604095563139932,0.01266211604095563,0.1470758540822235,1.579933665008292,0.13385826771653545,0.046621160409556314,115.35433070866142,21.44948755490483,16.96583671105964,78.97574123989219,cac mid 60,Santé,Matériel médical et fournitures,92180190,6690,27008.796,1259.181,447.996,1591.952,234.138,341.989
STM,Undervalued,1,STMicroelectronics NV (STM),13.13,29.44,20.55,61.13977761218635,2.062255393331881,6.87,0.37,0.21,1.7,5.56,9.07,0.6638849403354063,0.08220000000000001,0.045599999999999995,0.2828,0.0321,0.009077879999999998,1.25,0.01800486618004866,0.010218978102189781,0.0827250608272506,0.040793825799338476,1.2581873571972584,0.5675675675675675,0.3343065693430657,55.54054054054054,2.9912663755458517,2.2657111356119075,12.088235294117649,cac 40,Technologie,Semi-conducteurs,887810197,43480,18244.5,6099.256,4936.225,8052.438,328.49,1509.277
SEVI,Undervalued,1,Suez SA (SEVI),8.05,16.04,15.04,34.4144837108425,3.1032380333549927,8.77,0.49,0.45,2.45,-7.16,28.15,0.5629747019781223,-0.0766,-0.0067,2.9075,-0.0202,-0.0587315,0.88,0.032579787234042555,0.02992021276595745,0.16289893617021278,0.017406749555950268,1.0484472049689437,0.9183673469387755,0.5831117021276596,30.693877551020407,1.7149372862029646,0.5342806394316163,6.138775510204081,cac next 20,Services,Services de gestion des déchets,625149144,82536,9402.243,5482.558,-4476.068,17597.948,306.323,1531.615
TKTT,Undervalued,1,Tarkett (TKTT),7.53,16.56,9.55,16.964843814966265,2.0698306502195276,11.5,0.62,0.0,1.98,-0.07,43.15,0.43707115113107864,-0.0434,-0.013000000000000001,1.3094,-0.026500000000000003,-0.034699100000000004,1.21,0.06492146596858638,0.0,0.20732984293193715,0.01436848203939745,1.1992031872509956,0.0,1.2041884816753925,15.403225806451614,0.8304347826086957,0.22132097334878334,4.8232323232323235,cac mid 60,Matériaux de base,Produits en plastique et en caoutchouc,65550281,12950,626.005,753.828,-4.589,2828.495,40.641,129.79
TEPRF,Overvalued,0,Teleperformance SE (TEPRF),150.3,279.0,256.0,72.91610827046179,18.568635626592542,40.37,6.87,2.4,13.96,-16.45,92.68,-2.510884029224928,0.1366,0.0472,1.3538999999999999,0.0337,0.045626429999999996,0.67,0.0268359375,0.009375,0.05453125,0.07412602503236944,0.8722554890219559,0.34934497816593885,0.1576953125,37.26346433770014,6.341342581124598,2.762192490289167,18.33810888252149,cac 40,Services,Business Services,58727599,331065,15034.265,2370.833,-966.069,5442.874,403.459,819.837
TFFP,Undervalued,1,Télévision Française 1 SA (TFFP),4.06,8.45,5.85,11.731954433352305,2.3927778365232104,7.56,0.74,0.5,1.79,2.03,9.85,0.5013618546480825,0.054299999999999994,0.026699999999999998,0.2284,0.013199999999999998,0.0030148799999999993,0.92,0.1264957264957265,0.08547008547008547,0.305982905982906,0.0751269035532995,1.204433497536946,0.6756756756756757,1.2923076923076924,7.905405405405405,0.7738095238095238,0.5939086294416244,3.2681564245810053,cac mid 60,Services,Audiovisuel et télévision par câble,210242074,3202,1229.916,1589.43,426.791,2070.884,155.579,376.333
TCFP,Overvalued,0,Thales (TCFP),52.5,112.5,74.22,32.10803535321995,12.79078058830262,22.77,5.28,2.65,8.86,-18.21,84.3,-1.311570894435211,0.1263,0.020099999999999996,1.5915000000000001,0.0065999999999999965,0.010503899999999995,0.68,0.07113985448666128,0.03570466181622204,0.11937483158178389,0.06263345195729537,1.1933333333333334,0.5018939393939393,0.30679062247372674,14.056818181818182,3.259552042160738,0.8804270462633452,8.376975169300227,cac 40,Technologie,Matériel de communication,212756640,82605,15790.798,4844.469,-3874.298,17935.385,1123.355,1885.024
TOTF,Overvalued,0,Total SA (TOTF),21.12,51.44,34.27,14.991532234311288,6.7917065127782354,33.12,3.55,2.68,3.99,22.28,47.62,-1.2859571299567278,-0.0296,-0.0111,0.7676999999999999,-0.0246,-0.01888542,0.88,0.10358914502480301,0.07820250948351327,0.1164283629997082,0.07454850902981941,1.5625,0.7549295774647888,0.966442953020134,9.653521126760564,1.0347222222222223,0.7196556068878623,8.588972431077694,cac 40,Energie,Activités pétrolières et gazières,2586406841,107776,88636.162,85661.795,57625.144,123164.694,9181.744,10319.763
TRIA,Overvalued,0,Trigano SA (TRIA),41.76,115.5,111.5,25.932707355589425,14.100737100737101,47.92,8.68,2.0,9.85,31.91,122.25,-3.299589644502265,0.18600000000000003,0.091,0.2324,0.0775,0.018011,1.11,0.077847533632287,0.017937219730941704,0.08834080717488789,0.07100204498977505,1.8136973180076632,0.2304147465437788,0.42977578475336325,12.845622119815669,2.3267946577629384,0.9120654396728016,11.319796954314722,cac mid 60,Biens de consommation cycliques,Produits de loisirs,19280200,8735,2149.742,923.907,615.231,2357.004,167.352,189.91
UBIP,Overvalued,0,Ubisoft Entertainment SA (UBIP),39.89,80.8,72.34,98.34357235637673,3.898152320865255,10.87,-1.12,0.0,3.46,-1.12,13.97,0.2644155762630339,-0.1124,-0.036000000000000004,1.0825,-0.0495,-0.053583750000000006,0.97,-0.015482444014376555,0.0,0.047829693115841856,-0.08017179670722978,1.0255703183755327,-0.0,0.1502626486038153,-64.58928571428571,6.655013799448023,5.178239083750895,20.907514450867055,cac next 20,Technologie,Logiciels et programmation,120910645,18045,8746.676,1314.299,-135.42,1689.122,-135.42,418.351
URW,Overvalued,0,WFD Unibail Rodamco NV (URW),45.22,157.15,58.88,7.756884439557476,-19.81676576891687,169.91,7.63,10.8,-26.26,147.94,22.08,-6.590676444750421,-0.1423,-0.0584,1.1887,-0.0719,-0.08546753000000001,1.46,0.12958559782608695,0.18342391304347827,-0.445991847826087,0.34556159420289856,2.7140645731977004,1.4154652686762779,2.885699728260869,7.716906946264745,0.3465364016243894,2.666666666666667,-2.242193450114242,cac 40,Services,Opérations immobilières,138378605,3625,8147.732,23511.909,20471.731,3055.4,1055.829,-3633.822
VLOF,Undervalued,1,Valeo SA (VLOF),10.51,37.02,27.83,31.20638541040236,4.460306080242658,13.66,1.31,0.2,3.09,-7.37,69.91,0.10819533778099377,-0.2747,-0.0553,1.9682,-0.0688,-0.13541216,1.97,0.04707150556952929,0.007186489399928136,0.11103126122888969,0.01873837791446145,2.541389153187441,0.15267175572519084,0.49083722601509167,21.244274809160302,2.037335285505124,0.3980832498927192,9.006472491909385,cac next 20,Biens d'équipement,Biens d'équipement (divers),239452552,114700,6663.965,3270.922,-1764.765,16740.128,313.683,739.908
VLLP,Overvalued,0,Vallourec SA (VLLP),18.27,114.68,20.67,2.5770783655595295,-139.75081578166717,49.05,-29.51,0.0,-47.11,41.73,319.13,-7.020710691703075,-0.6629,-0.1323,6.673500000000001,-0.1458,-0.9729963000000001,2.53,-1.4276729559748427,0.0,-2.2791485244315433,-0.09247015322909159,5.2769567597153815,-0.0,2.3730043541364294,-0.7004405286343612,0.4214067278287462,0.06476984301068531,-0.438760348121418,cac mid 60,Energie,Puits de pétrole - services et équipement,11445379,17401,236.576,561.396,477.616,3652.564,-337.753,-539.192
VIE,Undervalued,1,Veolia (VIE),16.02,29.09,18.77,24.995137135222294,4.868830077714766,9.54,1.33,0.5,4.16,-8.71,46.5,0.24905393003225584,0.0478,0.0092,3.7338999999999998,-0.0043,-0.01605577,0.66,0.07085775173148642,0.02663825253063399,0.22163026105487482,0.02860215053763441,0.8470661672908865,0.37593984962406013,0.5082578582844965,14.112781954887216,1.9675052410901468,0.4036559139784946,4.512019230769231,cac 40,Services,Services de gestion des déchets,554756150,178780,10412.773,5292.374,-4831.926,25796.161,737.826,2307.786
SGEF,Overvalued,0,Vinci SA (SGEF),54.76,107.35,71.92,24.231087087873565,12.425341866316597,33.71,5.88,3.05,8.57,-47.05,81.59,-1.9680880490084296,0.0859,0.018000000000000002,1.7187999999999999,0.004500000000000002,0.007734600000000003,0.83,0.08175750834260288,0.04240823136818687,0.11916017797552837,0.07206765534992032,1.0160701241782322,0.5187074829931972,0.4687152391546162,12.231292517006803,2.1334915455354495,0.8814805735997059,8.392065344224036,cac 40,Biens d'équipement,Services de construction,554745990,222000,39897.332,18700.487,-26100.799,45261.725,3261.906,4754.173
VIRB,Overvalued,0,Virbac SA (VIRB),132.2,250.0,200.0,47.61504687552607,17.057866604694397,64.97,6.11,0.0,14.68,31.1,112.96,-3.2003528952273097,0.1394,0.056600000000000004,0.8432999999999999,0.043100000000000006,0.03634623,0.87,0.03055,0.0,0.07339999999999999,0.05408994334277621,0.8910741301059003,0.0,0.32484999999999997,32.733224222585925,3.0783438510081576,1.7705382436260624,13.623978201634877,cac mid 60,Santé,Biotechnologie et médicaments,8435609,4897,1687.122,548.062,262.347,952.886,51.542,123.835
VIV,Undervalued,1,Vivendi SA (VIV),16.6,26.69,20.88,22.879484242008772,3.0002704530087896,14.64,1.28,0.6,2.13,-1.49,13.71,0.08739201552181586,0.11259999999999999,0.0525,0.43079999999999996,0.039,0.0168012,0.73,0.06130268199233717,0.028735632183908046,0.10201149425287356,0.09336250911743253,0.6439759036144578,0.46875,0.7011494252873564,16.3125,1.4262295081967211,1.522975929978118,9.80281690140845,cac 40,Services,Industrie cinématographique,1170575000,43900,24441.606,17137.218,-1744.157,16048.583,1498.336,2493.325
MWDP,Overvalued,0,Wendel (MWDP),54.8,129.4,84.1,26.337999566909286,23.362267657992565,49.98,-4.59,2.8,17.7,-77.0,185.32,-2.1931050718696996,-0.1392,-0.0088,3.4391000000000003,-0.0223,-0.07669193,1.26,-0.054577883472057075,0.03329369797859691,0.21046373365041618,-0.024767968918627238,1.4124087591240877,-0.6100217864923747,0.5942925089179548,-18.322440087145967,1.682673069227691,0.45380962659184115,4.751412429378531,cac mid 60,Services,Services aux entreprises,43784389,130621,3682.267,2188.344,-3371.398,8114.123,-200.97,774.984
WLN,Overvalued,0,Worldline SA (WLN),36.36,77.7,56.82,48.6883918837881,2.422366876533988,17.92,1.71,0.0,2.27,-4.75,12.32,-0.1670132818438701,0.0629,0.030899999999999997,0.7121,0.0174,0.012390539999999998,0.95,0.030095036958817316,0.0,0.039950721576909536,0.13879870129870128,1.136963696369637,0.0,0.3153819077789511,33.228070175438596,3.1707589285714284,4.612012987012987,25.030837004405285,cac 40,Finance,Services financiers aux consommateurs,182644703,11609,10377.872,3272.993,-867.562,2250.183,312.322,414.603
